{
  "project_info": {
    "project_number": "410196228568",
    "firebase_url": "https://inclass10movie-28f66.firebaseio.com",
    "project_id": "inclass10movie-28f66",
    "storage_bucket": "inclass10movie-28f66.appspot.com"
  },
  "client": [
    {
      "client_info": {
        "mobilesdk_app_id": "1:410196228568:android:775a3d45d557227c35daad",
        "android_client_info": {
          "package_name": "com.example.inclass10movie"
        }
      },
      "oauth_client": [
        {
          "client_id": "410196228568-piv688c7f2jneintp98k4u1qnvm29o8n.apps.googleusercontent.com",
          "client_type": 3
        }
      ],
      "api_key": [
        {
          "current_key": "AIzaSyCGhbhTj4FtIxTY1no8R0TQknn58khU72U"
        }
      ],
      "services": {
        "appinvite_service": {
          "other_platform_oauth_client": [
            {
              "client_id": "410196228568-piv688c7f2jneintp98k4u1qnvm29o8n.apps.googleusercontent.com",
              "client_type": 3
            }
          ]
        }
      }
    }
  ],
  "configuration_version": "1"
}